Unnamed: 0,ts,id.orig_h,duration,orig_bytes,resp_bytes,missed_bytes,orig_pkts,orig_ip_bytes,resp_pkts,resp_ip_bytes,proto_icmp,proto_tcp,proto_udp,conn_state_OTH,conn_state_REJ,conn_state_RSTO,conn_state_RSTOS0,conn_state_RSTR,conn_state_RSTRH,conn_state_S0,conn_state_S1,conn_state_S2,conn_state_S3,conn_state_SF,conn_state_SH,conn_state_SHR
120,1537524196.284443,192.168.2.3,0.0,0,0,0.0,1.0,40.0,0.0,0.0,0,1,0,0,0,0,0,0,0,0,0,0,0,0,1,0
121,1537524150.960407,192.168.2.3,0.017387,560,560,0.0,10.0,840.0,10.0,840.0,1,0,0,1,0,0,0,0,0,0,0,0,0,0,0,0
11155,1536227040.537574,192.168.100.111,-1.0,-1,-1,0.0,2.0,80.0,0.0,0.0,0,1,0,0,0,0,0,0,0,1,0,0,0,0,0,0
11521,1536227041.538742,192.168.100.111,-1.0,-1,-1,0.0,2.0,80.0,0.0,0.0,0,1,0,0,0,0,0,0,0,1,0,0,0,0,0,0
72221,1526816360.696988,192.168.2.5,0.840725,589,1301,0.0,15.0,1377.0,15.0,2089.0,0,1,0,0,0,0,0,0,0,0,0,0,0,1,0,0
119,1537524173.845932,192.168.2.3,0.0,0,0,0.0,1.0,40.0,0.0,0.0,0,1,0,0,0,0,0,0,0,0,0,0,0,0,1,0
14041,1536227044.591226,192.168.100.111,-1.0,-1,-1,0.0,2.0,80.0,0.0,0.0,0,1,0,0,0,0,0,0,0,1,0,0,0,0,0,0
3682,1525881206.018618,192.168.100.103,2.998545,0,0,0.0,3.0,180.0,0.0,0.0,0,1,0,0,0,0,0,0,0,1,0,0,0,0,0,0
